1.0,4.1
2.0,3.2
3.0,3.0
4.0,2.7
5.0,3.0
6.0,3.9
7.0,3.4
8.0,3.0
9.0,2.7
10.0,3.5
11.0,3.8
12.0,2.4
13.0,3.3
14.0,3.5
15.0,2.5
16.0,3.8
17.0,4.0
18.0,3.3
19.0,2.5
20.0,2.5
21.0,3.6
22.0,3.3
23.0,2.9
24.0,3.2
25.0,3.7
26.0,3.5
27.0,2.9
28.0,4.1
29.0,4.1
30.0,3.6
31.0,3.1
32.0,3.9
33.0,3.0
34.0,3.9
35.0,3.3
36.0,4.0
37.0,3.5
38.0,2.8
39.0,3.6
40.0,3.9
41.0,4.0
42.0,2.9
43.0,3.4
44.0,2.8
45.0,3.4
46.0,3.1
47.0,4.1
48.0,3.0
49.0,3.7
50.0,4.5
52.0,3.6
53.0,4.8
54.0,2.6
55.0,3.1
56.0,2.0
57.0,3.4
58.0,4.1
59.0,2.8
60.0,3.2
61.0,3.0
62.0,3.7
63.0,2.9
64.0,2.3
65.0,2.1
66.0,1.7
67.0,3.2
68.0,3.5
69.0,3.7
70.0,3.2
71.0,2.1
72.0,3.6
73.0,3.8
74.0,3.0
75.0,1.9
76.0,2.9
77.0,3.8
78.0,3.3
79.0,2.6
80.0,3.8
81.0,3.2
82.0,3.9
83.0,3.7
84.0,3.1
85.0,3.4
86.0,3.4
87.0,2.2
88.0,2.9
89.0,3.1
90.0,3.7
92.0,2.3
93.0,2.2
94.0,3.7
95.0,2.9
96.0,3.9
97.0,3.8
98.0,2.0
99.0,3.5
100.0,3.1
101.0,3.9
102.0,1.8
103.0,3.2
104.0,3.5
105.0,3.2
106.0,3.6
107.0,3.1
108.0,2.9
110.0,4.2
111.0,4.2
112.0,3.4
113.0,3.0
114.0,3.1
116.0,4.1
117.0,3.6
118.0,3.1
119.0,2.5
120.0,2.7
121.0,4.1
122.0,2.8
123.0,3.9
124.0,3.2
125.0,3.8
126.0,2.0
127.0,1.0
128.0,4.3
129.0,3.3
130.0,4.0
131.0,3.1
132.0,2.5
133.0,1.0
134.0,4.0
135.0,2.8
136.0,3.2
137.0,3.0
138.0,2.5
139.0,4.0
140.0,3.2
141.0,3.5
142.0,1.0
144.0,3.4
145.0,3.3
146.0,2.9
147.0,3.5
148.0,2.8
149.0,3.8
150.0,4.1
151.0,3.6
152.0,3.0
153.0,2.6
154.0,3.7
155.0,3.4
156.0,3.6
157.0,2.7
158.0,3.0
159.0,3.3
160.0,2.2
161.0,3.7
162.0,4.1
163.0,3.5
164.0,3.6
165.0,3.6
166.0,2.5
167.0,3.6
168.0,3.0
169.0,2.0
170.0,3.1
171.0,3.6
172.0,2.6
173.0,2.3
174.0,2.3
175.0,3.5
176.0,3.9
177.0,2.7
178.0,3.5
179.0,2.2
180.0,3.5
181.0,1.6
182.0,3.1
183.0,3.5
184.0,3.3
185.0,2.9
186.0,2.8
187.0,3.2
188.0,3.2
189.0,3.4
190.0,3.8
191.0,2.5
192.0,3.0
193.0,2.1
194.0,3.8
195.0,2.8
196.0,2.8
197.0,3.1
198.0,3.3
199.0,3.8
200.0,2.4
201.0,2.6
202.0,2.5
203.0,3.1
204.0,2.9
205.0,3.6
206.0,3.7
207.0,3.1
208.0,2.6
209.0,2.5
210.0,3.1
211.0,3.6
212.0,1.9
213.0,4.1
214.0,4.2
215.0,3.8
216.0,3.2
217.0,2.6
218.0,3.1
219.0,3.2
220.0,1.8
222.0,3.5
223.0,3.9
224.0,3.4
225.0,3.2
226.0,2.0
227.0,2.7
228.0,2.2
229.0,3.5
230.0,3.5
231.0,3.2
232.0,4.1
233.0,3.6
234.0,2.2
235.0,3.7
236.0,3.3
237.0,3.0
238.0,2.8
239.0,2.9
240.0,2.7
241.0,3.3
242.0,3.5
243.0,2.1
244.0,1.9
245.0,3.0
246.0,4.2
247.0,3.9
248.0,2.9
249.0,3.8
250.0,2.6
251.0,3.3
252.0,3.3
253.0,3.5
254.0,3.1
255.0,2.1
256.0,2.7
257.0,3.2
258.0,2.4
259.0,2.8
260.0,4.5
261.0,3.6
262.0,3.9
263.0,3.9
264.0,3.2
265.0,3.9
266.0,3.4
267.0,2.7
268.0,3.4
269.0,3.5
270.0,3.0
271.0,3.1
272.0,3.7
273.0,2.9
274.0,2.4
275.0,2.5
276.0,2.7
277.0,3.2
278.0,2.8
279.0,3.7
280.0,3.6
281.0,3.6
282.0,3.2
283.0,3.0
286.0,3.0
287.0,2.9
288.0,3.1
289.0,3.3
290.0,3.9
291.0,2.2
292.0,3.3
293.0,4.1
294.0,3.1
295.0,2.8
296.0,4.3
297.0,3.1
298.0,3.9
299.0,3.7
300.0,3.8
301.0,3.3
302.0,3.8
303.0,3.0
304.0,3.1
305.0,2.5
306.0,4.2
307.0,4.1
308.0,4.0
309.0,3.7
310.0,2.7
311.0,3.0
312.0,2.4
313.0,2.9
314.0,3.9
315.0,2.7
316.0,3.5
317.0,3.2
318.0,4.6
319.0,3.9
320.0,3.4
321.0,3.8
322.0,3.7
324.0,4.0
325.0,2.4
326.0,4.3
327.0,2.6
328.0,3.1
329.0,3.4
330.0,2.7
331.0,3.1
332.0,2.5
333.0,3.5
334.0,3.9
335.0,3.5
336.0,2.7
337.0,3.8
338.0,2.9
339.0,3.5
340.0,3.3
341.0,3.8
342.0,3.7
343.0,2.4
344.0,3.1
345.0,3.8
346.0,3.5
347.0,3.2
348.0,3.7
349.0,3.7
350.0,3.4
351.0,3.3
352.0,3.1
353.0,3.4
354.0,3.2
355.0,2.4
356.0,4.1
357.0,3.7
358.0,3.2
359.0,3.2
360.0,2.5
361.0,3.4
362.0,3.4
363.0,4.3
364.0,3.9
365.0,3.2
366.0,2.8
367.0,3.3
368.0,3.5
369.0,3.3
370.0,2.9
371.0,3.2
372.0,3.2
373.0,3.9
374.0,2.1
375.0,3.3
376.0,3.2
377.0,3.6
378.0,2.9
379.0,2.9
380.0,3.6
381.0,3.3
382.0,2.9
383.0,3.3
384.0,2.9
385.0,3.4
386.0,2.6
387.0,2.7
388.0,3.6
389.0,3.7
390.0,3.5
391.0,3.3
392.0,2.8
393.0,1.9
394.0,3.7
396.0,4.0
397.0,2.4
398.0,4.0
401.0,3.0
402.0,3.0
404.0,3.8
405.0,2.1
406.0,3.6
407.0,2.9
408.0,3.3
409.0,3.0
410.0,2.9
411.0,2.6
412.0,3.6
413.0,2.5
414.0,2.7
415.0,2.5
416.0,2.4
417.0,3.5
418.0,2.5
419.0,2.2
420.0,2.5
421.0,3.4
422.0,3.1
423.0,3.1
424.0,2.6
425.0,3.6
426.0,3.1
427.0,2.4
428.0,3.9
429.0,2.4
430.0,2.4
431.0,3.7
432.0,2.6
433.0,2.8
434.0,3.1
435.0,2.6
436.0,2.7
437.0,2.0
438.0,2.6
439.0,4.5
440.0,3.8
441.0,3.7
442.0,3.0
443.0,3.4
444.0,2.3
445.0,2.6
446.0,4.1
447.0,2.5
448.0,3.6
449.0,3.7
450.0,3.3
451.0,3.2
452.0,3.3
453.0,3.2
454.0,3.5
455.0,2.6
456.0,4.0
457.0,4.1
458.0,3.3
459.0,2.8
460.0,2.3
461.0,3.3
462.0,2.6
463.0,2.7
464.0,2.8
465.0,3.3
466.0,2.8
467.0,3.2
468.0,3.3
469.0,3.0
470.0,1.7
471.0,3.6
472.0,2.7
473.0,2.2
474.0,3.8
475.0,3.9
476.0,2.7
477.0,3.5
478.0,2.5
479.0,2.8
480.0,3.8
481.0,3.4
482.0,3.5
483.0,3.7
484.0,2.7
485.0,2.5
486.0,2.8
487.0,2.6
488.0,3.4
489.0,2.5
490.0,3.3
491.0,3.3
492.0,3.7
493.0,3.6
494.0,3.3
495.0,3.4
496.0,3.2
497.0,4.0
498.0,2.7
499.0,2.8
500.0,3.4
501.0,3.6
502.0,1.9
503.0,3.7
504.0,3.0
505.0,2.5
506.0,3.5
507.0,3.5
508.0,3.9
509.0,3.7
510.0,2.4
511.0,3.1
512.0,2.9
513.0,3.1
514.0,3.5
515.0,3.9
516.0,2.9
517.0,3.2
518.0,2.5
519.0,1.9
520.0,2.9
521.0,3.4
522.0,3.6
523.0,3.7
524.0,3.6
525.0,3.2
526.0,2.5
527.0,4.5
528.0,2.5
529.0,4.0
530.0,3.5
531.0,3.8
532.0,3.0
533.0,2.7
534.0,3.8
535.0,3.8
536.0,3.2
537.0,3.1
538.0,3.8
539.0,3.8
540.0,2.2
541.0,4.3
542.0,2.7
543.0,3.4
544.0,2.6
545.0,2.0
546.0,1.9
547.0,2.9
548.0,2.5
549.0,3.8
550.0,3.0
551.0,3.7
552.0,3.2
553.0,3.9
554.0,2.6
555.0,3.9
556.0,4.2
557.0,4.5
558.0,2.7
559.0,3.0
560.0,3.6
561.0,3.6
562.0,3.8
563.0,3.2
564.0,2.3
565.0,3.1
566.0,2.9
567.0,3.6
568.0,3.9
569.0,2.9
570.0,3.2
571.0,3.6
572.0,3.0
573.0,3.5
574.0,3.4
575.0,2.8
576.0,3.0
577.0,3.0
578.0,4.5
579.0,2.0
580.0,3.2
581.0,4.0
582.0,3.0
583.0,3.7
584.0,4.0
585.0,2.9
586.0,3.1
587.0,3.5
588.0,3.8
589.0,4.1
590.0,3.9
591.0,2.0
592.0,3.6
593.0,4.4
594.0,3.8
595.0,3.9
596.0,3.8
597.0,3.6
598.0,4.2
599.0,4.1
600.0,3.0
601.0,3.0
602.0,4.1
603.0,3.0
605.0,3.3
606.0,2.2
607.0,2.0
608.0,4.3
609.0,2.8
610.0,3.5
611.0,2.5
612.0,2.4
613.0,3.6
614.0,2.7
615.0,4.0
616.0,3.4
617.0,3.6
618.0,2.1
619.0,2.6
621.0,3.7
623.0,3.0
624.0,4.0
626.0,2.3
627.0,3.6
628.0,3.9
630.0,2.9
631.0,2.1
632.0,4.0
633.0,3.6
634.0,1.7
635.0,3.6
637.0,2.5
638.0,3.2
639.0,2.6
640.0,2.7
641.0,1.0
642.0,2.0
643.0,2.0
644.0,2.0
645.0,3.6
647.0,3.6
648.0,3.4
649.0,4.2
650.0,3.5
651.0,2.0
652.0,2.9
653.0,3.2
655.0,1.0
656.0,2.6
657.0,3.0
658.0,3.0
659.0,3.7
660.0,1.5
661.0,3.5
662.0,3.0
663.0,3.4
664.0,3.0
665.0,3.7
666.0,3.3
667.0,2.0
668.0,4.4
669.0,4.2
670.0,4.4
671.0,3.7
672.0,2.0
673.0,2.6
674.0,3.0
678.0,4.2
679.0,3.5
680.0,3.4
681.0,3.9
682.0,3.5
684.0,1.0
685.0,3.3
687.0,3.0
688.0,2.3
690.0,2.0
691.0,3.1
692.0,2.1
694.0,2.6
695.0,3.2
696.0,3.2
697.0,2.6
698.0,2.2
700.0,3.3
701.0,4.0
702.0,3.7
703.0,1.6
704.0,2.3
705.0,3.8
706.0,2.5
707.0,3.1
708.0,3.4
709.0,3.0
710.0,2.3
711.0,2.5
712.0,3.5
714.0,3.9
715.0,3.6
716.0,2.7
717.0,4.0
718.0,3.5
719.0,2.9
720.0,4.4
722.0,3.8
724.0,3.1
725.0,2.8
726.0,3.0
728.0,3.8
729.0,3.7
730.0,1.0
731.0,2.9
732.0,2.8
733.0,3.7
734.0,3.0
735.0,3.4
736.0,3.2
737.0,2.0
741.0,4.1
742.0,2.5
743.0,2.6
744.0,2.0
745.0,4.5
746.0,4.0
747.0,2.0
748.0,3.2
749.0,2.8
750.0,4.4
751.0,3.5
753.0,3.2
754.0,2.9
755.0,3.8
756.0,3.0
757.0,3.8
758.0,4.0
759.0,4.1
760.0,3.5
761.0,2.8
762.0,2.2
763.0,3.0
764.0,3.3
765.0,2.6
766.0,3.6
767.0,3.2
769.0,3.2
771.0,3.8
774.0,4.0
775.0,3.2
776.0,3.0
778.0,4.0
779.0,2.7
780.0,3.5
781.0,3.4
782.0,2.6
783.0,3.2
784.0,2.7
785.0,3.5
786.0,3.1
787.0,5.0
788.0,3.0
789.0,3.0
790.0,3.0
791.0,3.5
792.0,4.0
793.0,2.6
796.0,3.3
798.0,2.7
799.0,3.3
800.0,4.1
801.0,3.1
802.0,3.5
803.0,3.7
804.0,3.0
805.0,3.6
806.0,3.2
807.0,3.0
808.0,3.4
809.0,2.6
810.0,1.5
811.0,3.9
813.0,2.5
814.0,3.0
815.0,2.0
818.0,2.6
820.0,3.2
821.0,2.0
823.0,3.2
824.0,3.9
826.0,1.0
827.0,3.0
828.0,2.9
829.0,2.3
830.0,3.0
831.0,3.9
832.0,3.5
833.0,2.2
834.0,2.0
835.0,3.1
836.0,2.7
837.0,3.5
838.0,3.9
839.0,2.2
840.0,2.6
841.0,3.4
842.0,2.6
843.0,1.0
844.0,3.6
846.0,3.7
847.0,1.9
848.0,3.4
849.0,2.5
850.0,3.7
851.0,3.5
852.0,3.2
853.0,4.0
854.0,3.6
858.0,4.5
859.0,2.0
860.0,3.6
861.0,3.5
862.0,3.6
863.0,3.5
864.0,3.6
865.0,2.0
866.0,3.8
867.0,2.2
868.0,3.0
869.0,3.1
870.0,2.2
872.0,3.0
874.0,3.1
875.0,3.4
876.0,2.9
877.0,3.3
878.0,4.0
879.0,2.8
880.0,2.2
881.0,2.6
882.0,2.7
884.0,3.0
885.0,2.6
886.0,2.9
887.0,2.5
888.0,2.2
889.0,2.5
891.0,2.4
892.0,3.9
893.0,3.7
895.0,1.0
896.0,3.4
897.0,3.8
898.0,4.3
899.0,4.3
900.0,3.9
901.0,3.6
902.0,3.9
903.0,4.3
904.0,4.5
905.0,4.3
906.0,4.1
907.0,3.9
908.0,4.4
909.0,4.1
910.0,4.3
911.0,4.2
912.0,4.4
913.0,4.4
914.0,4.2
915.0,4.0
916.0,4.2
917.0,3.7
918.0,3.8
919.0,4.2
920.0,4.0
921.0,3.9
922.0,4.5
923.0,4.4
924.0,4.1
925.0,3.2
926.0,4.3
927.0,4.0
928.0,4.2
929.0,3.8
930.0,4.3
931.0,3.9
932.0,4.0
933.0,4.1
934.0,3.7
935.0,3.6
936.0,4.1
937.0,3.8
938.0,3.6
939.0,3.2
940.0,4.0
941.0,3.7
942.0,4.2
943.0,4.0
944.0,3.8
945.0,4.1
946.0,3.9
947.0,4.1
948.0,3.8
949.0,4.0
950.0,4.2
951.0,4.2
952.0,3.6
953.0,4.3
954.0,4.2
955.0,4.2
956.0,3.5
957.0,3.2
958.0,3.4
959.0,3.7
960.0,3.5
961.0,3.5
962.0,3.5
963.0,3.6
964.0,3.4
965.0,4.1
966.0,4.0
967.0,3.3
968.0,3.7
969.0,4.3
970.0,3.4
971.0,4.0
972.0,3.2
973.0,3.9
974.0,3.8
975.0,1.5
976.0,3.6
977.0,2.0
978.0,3.9
980.0,2.8
981.0,2.8
982.0,3.7
984.0,2.7
985.0,3.8
986.0,3.6
987.0,2.9
988.0,3.4
989.0,5.0
990.0,2.6
991.0,3.5
992.0,2.6
993.0,3.1
994.0,4.1
996.0,2.9
997.0,3.4
998.0,3.0
999.0,3.3
1000.0,3.0
1002.0,4.2
1003.0,2.9
1004.0,2.7
1005.0,2.4
1006.0,3.1
1007.0,3.0
1008.0,3.3
1009.0,3.2
1010.0,3.3
1011.0,2.7
1012.0,3.7
1013.0,3.6
1014.0,3.4
1015.0,3.3
1016.0,3.2
1017.0,3.6
1018.0,3.3
1019.0,3.7
1020.0,3.2
1021.0,2.8
1022.0,3.8
1023.0,4.0
1024.0,3.2
1025.0,3.6
1026.0,3.6
1027.0,3.2
1028.0,3.9
1029.0,3.7
1030.0,3.1
1031.0,3.5
1032.0,3.7
1033.0,3.4
1034.0,3.6
1035.0,3.9
1036.0,4.1
1037.0,2.7
1038.0,3.3
1039.0,3.7
1040.0,3.0
1041.0,4.0
1042.0,3.5
1043.0,2.8
1044.0,3.3
1046.0,4.1
1047.0,3.5
1049.0,3.3
1050.0,3.8
1051.0,3.4
1053.0,2.9
1054.0,3.3
1055.0,2.7
1056.0,3.5
1057.0,3.6
1058.0,3.3
1059.0,3.4
1060.0,3.9
1061.0,3.6
1062.0,2.5
1063.0,3.2
1064.0,2.9
1066.0,4.2
1067.0,3.8
1068.0,3.7
1069.0,3.9
1070.0,3.0
1071.0,3.4
1073.0,3.9
1076.0,4.0
1077.0,4.0
1078.0,3.8
1079.0,4.0
1080.0,4.0
1081.0,3.6
1082.0,3.7
1083.0,3.5
1084.0,4.1
1085.0,3.8
1086.0,4.1
1087.0,3.4
1088.0,3.3
1089.0,4.1
1090.0,4.1
1091.0,2.8
1092.0,3.5
1093.0,3.4
1094.0,3.7
1095.0,3.9
1096.0,4.0
1097.0,4.0
1098.0,2.4
1099.0,4.0
1100.0,2.8
1101.0,3.7
1102.0,2.0
1103.0,3.9
1104.0,4.2
1105.0,1.8
1107.0,2.0
1111.0,4.1
1112.0,3.4
1113.0,3.0
1114.0,2.9
1115.0,1.0
1116.0,3.4
1117.0,4.2
1118.0,2.0
1119.0,3.2
1120.0,3.6
1121.0,3.1
1123.0,3.7
1124.0,3.7
1125.0,3.8
1126.0,2.4
1127.0,3.7
1128.0,2.9
1129.0,3.5
1130.0,3.3
1131.0,4.3
1132.0,4.3
1133.0,2.0
1134.0,3.0
1135.0,3.2
1136.0,4.3
1138.0,3.9
1139.0,4.0
1142.0,1.0
1144.0,3.8
1145.0,2.5
1147.0,4.3
1148.0,4.5
1149.0,3.5
1150.0,3.9
1151.0,3.5
1152.0,3.5
1153.0,3.4
1154.0,3.7
1160.0,2.2
1161.0,3.9
1162.0,3.9
1163.0,2.9
1164.0,3.6
1165.0,1.0
1167.0,2.9
1168.0,2.1
1169.0,3.7
1170.0,1.6
1171.0,3.7
1172.0,4.3
1173.0,3.3
1174.0,3.8
1175.0,4.0
1176.0,3.9
1177.0,4.0
1178.0,4.5
1179.0,3.8
1180.0,3.8
1181.0,2.9
1183.0,3.6
1184.0,3.8
1185.0,4.0
1186.0,3.6
1187.0,3.7
1188.0,4.0
1189.0,4.3
1190.0,3.5
1191.0,3.1
1192.0,4.0
1193.0,4.4
1194.0,3.5
1196.0,4.3
1197.0,4.3
1198.0,4.5
1199.0,4.1
1200.0,4.1
1201.0,4.1
1202.0,3.6
1203.0,4.3
1204.0,4.4
1205.0,3.4
1206.0,4.1
1207.0,4.4
1208.0,4.2
1209.0,4.0
1210.0,4.0
1211.0,4.1
1212.0,4.5
1213.0,4.3
1214.0,4.2
1215.0,3.8
1216.0,3.7
1217.0,4.3
1218.0,4.2
1219.0,4.2
1220.0,3.9
1221.0,4.4
1222.0,4.1
1223.0,4.4
1224.0,4.3
1225.0,4.3
1226.0,4.1
1227.0,3.9
1228.0,4.2
1230.0,4.1
1231.0,4.1
1232.0,3.6
1233.0,4.3
1234.0,4.3
1235.0,4.2
1236.0,4.2
1237.0,4.2
1238.0,4.0
1240.0,4.2
1241.0,3.4
1242.0,4.2
1243.0,4.0
1244.0,4.1
1245.0,4.0
1246.0,4.0
1247.0,4.2
1248.0,4.2
1249.0,4.0
1250.0,4.4
1251.0,4.1
1252.0,4.3
1253.0,4.1
1254.0,4.3
1255.0,3.4
1256.0,4.2
1257.0,3.9
1258.0,4.1
1259.0,4.1
1260.0,4.3
1261.0,3.8
1262.0,4.4
1263.0,4.1
1264.0,4.1
1265.0,4.0
1266.0,4.1
1267.0,4.3
1268.0,3.5
1269.0,4.2
1270.0,4.0
1271.0,3.8
1272.0,4.3
1273.0,4.0
1274.0,3.9
1275.0,3.8
1276.0,4.3
1277.0,3.9
1278.0,4.3
1279.0,3.7
1280.0,4.2
1281.0,4.0
1282.0,3.9
1283.0,4.2
1284.0,4.3
1285.0,3.8
1286.0,3.6
1287.0,4.1
1288.0,4.2
1289.0,4.0
1290.0,3.6
1291.0,4.1
1292.0,4.0
1293.0,4.1
1294.0,4.1
1295.0,3.6
1296.0,4.0
1297.0,3.7
1298.0,3.6
1299.0,4.2
1300.0,4.1
1301.0,4.0
1302.0,3.9
1303.0,4.1
1304.0,4.2
1305.0,3.8
1306.0,3.6
1307.0,4.1
1310.0,3.6
1311.0,1.0
1312.0,3.2
1313.0,2.2
1315.0,2.3
1316.0,4.0
1317.0,3.2
1320.0,3.0
1321.0,3.8
1322.0,1.7
1323.0,1.4
1324.0,1.7
1325.0,1.7
1326.0,2.1
1327.0,2.9
1328.0,1.8
1329.0,2.7
1330.0,3.0
1331.0,3.2
1332.0,2.9
1333.0,3.9
1334.0,3.1
1335.0,1.7
1336.0,2.2
1337.0,3.6
1339.0,3.3
1340.0,3.9
1341.0,2.8
1342.0,2.9
1343.0,3.7
1344.0,3.9
1345.0,3.6
1346.0,3.2
1347.0,3.5
1348.0,4.0
1349.0,3.1
1350.0,3.6
1351.0,3.4
1352.0,2.9
1353.0,3.1
1354.0,3.8
1355.0,3.0
1356.0,3.7
1357.0,3.8
1358.0,4.2
1359.0,2.5
1360.0,3.5
1361.0,4.2
1362.0,4.0
1363.0,3.0
1364.0,3.5
1365.0,3.8
1366.0,3.2
1367.0,3.0
1369.0,3.8
1370.0,3.5
1371.0,3.1
1372.0,3.4
1373.0,2.7
1374.0,3.9
1375.0,3.4
1376.0,3.7
1377.0,3.0
1378.0,3.4
1379.0,2.9
1380.0,3.6
1381.0,2.0
1382.0,2.8
1383.0,1.5
1384.0,3.8
1385.0,3.3
1386.0,1.0
1387.0,4.1
1388.0,2.6
1389.0,1.9
1390.0,3.2
1391.0,2.9
1392.0,3.7
1393.0,3.8
1394.0,4.0
1395.0,3.3
1396.0,3.7
1397.0,3.7
1398.0,3.2
1399.0,3.2
1401.0,3.5
1404.0,3.1
1405.0,3.0
1406.0,3.5
1407.0,3.6
1408.0,3.8
1409.0,3.1
1410.0,2.9
1411.0,4.0
1412.0,3.9
1413.0,3.4
1414.0,3.6
1415.0,3.6
1416.0,3.3
1417.0,2.8
1419.0,4.0
1420.0,4.0
1421.0,3.0
1422.0,3.0
1423.0,4.4
1425.0,3.3
1426.0,2.5
1427.0,2.3
1428.0,3.2
1429.0,3.3
1430.0,1.0
1431.0,2.5
1432.0,2.8
1433.0,1.8
1434.0,4.0
1436.0,2.9
1437.0,3.1
1438.0,2.8
1439.0,2.3
1440.0,2.8
1441.0,3.4
1442.0,3.1
1444.0,3.4
1445.0,2.2
1446.0,4.1
1447.0,3.4
1449.0,4.1
1450.0,3.8
1453.0,2.4
1454.0,3.2
1455.0,2.8
1456.0,2.4
1457.0,3.1
1458.0,2.8
1459.0,3.4
1460.0,2.7
1461.0,2.6
1463.0,3.0
1464.0,3.4
1465.0,3.5
1466.0,3.8
1468.0,2.6
1470.0,4.0
1471.0,3.4
1472.0,3.2
1473.0,2.8
1474.0,2.3
1475.0,3.1
1476.0,3.5
1477.0,3.4
1479.0,3.2
1480.0,3.3
1482.0,3.3
1483.0,2.8
1484.0,3.7
1485.0,3.5
1486.0,3.1
1487.0,3.1
1488.0,2.9
1489.0,2.6
1490.0,1.8
1493.0,3.3
1494.0,2.5
1495.0,1.3
1496.0,3.2
1497.0,2.1
1498.0,3.1
1499.0,2.2
1500.0,3.8
1501.0,2.6
1502.0,3.1
1503.0,2.3
1504.0,3.5
1507.0,3.3
1508.0,3.3
1509.0,3.7
1510.0,2.5
1511.0,3.6
1513.0,3.0
1514.0,2.7
1515.0,2.6
1516.0,3.7
1517.0,3.7
1518.0,3.4
1519.0,3.3
1520.0,2.5
1522.0,2.4
1523.0,2.6
1525.0,2.1
1526.0,2.5
1527.0,3.6
1528.0,2.0
1529.0,3.2
1531.0,3.6
1532.0,2.7
1533.0,3.9
1534.0,3.7
1535.0,3.5
1537.0,4.1
1538.0,1.7
1539.0,2.8
1541.0,3.1
1542.0,3.5
1543.0,3.3
1544.0,3.0
1545.0,4.1
1546.0,3.8
1547.0,3.3
1548.0,2.5
1549.0,2.7
1550.0,2.7
1551.0,2.8
1552.0,3.3
1553.0,2.8
1554.0,3.5
1555.0,3.0
1556.0,1.9
1558.0,1.5
1561.0,3.2
1562.0,2.3
1563.0,3.6
1564.0,3.8
1565.0,3.0
1566.0,3.3
1567.0,3.4
1569.0,3.4
1570.0,3.3
1571.0,4.0
1572.0,3.7
1573.0,3.4
1574.0,2.9
1575.0,3.1
1579.0,3.0
1580.0,3.7
1581.0,2.8
1582.0,3.2
1583.0,2.8
1584.0,3.8
1585.0,3.2
1586.0,3.1
1587.0,3.4
1588.0,3.1
1589.0,3.4
1590.0,2.5
1591.0,2.6
1592.0,2.5
1593.0,2.9
1594.0,3.8
1595.0,1.7
1596.0,3.5
1597.0,3.4
1598.0,2.7
1599.0,1.6
1600.0,2.9
1601.0,2.7
1602.0,2.1
1603.0,2.9
1604.0,2.8
1605.0,2.7
1606.0,2.3
1608.0,3.6
1609.0,2.7
1610.0,4.1
1611.0,3.4
1612.0,3.3
1613.0,2.9
1614.0,3.3
1615.0,3.6
1616.0,3.1
1617.0,4.2
1619.0,3.4
1620.0,3.3
1621.0,3.3
1622.0,2.4
1623.0,2.2
1624.0,2.7
1625.0,3.9
1626.0,2.5
1627.0,3.1
1629.0,3.0
1630.0,2.0
1631.0,3.6
1632.0,2.5
1633.0,3.7
1635.0,3.8
1636.0,2.4
1639.0,3.8
1640.0,2.5
1641.0,3.9
1642.0,3.1
1643.0,3.9
1644.0,2.6
1645.0,3.4
1646.0,2.8
1647.0,2.9
1648.0,3.5
1649.0,3.9
1650.0,3.3
1651.0,2.9
1652.0,3.2
1653.0,3.7
1654.0,3.3
1655.0,2.4
1656.0,3.2
1657.0,3.5
1658.0,3.2
1659.0,2.9
1660.0,3.6
1661.0,3.2
1662.0,2.6
1663.0,3.8
1664.0,4.2
1665.0,2.7
1666.0,2.6
1667.0,2.8
1668.0,2.5
1669.0,3.5
1670.0,3.5
1671.0,3.2
1672.0,3.6
1673.0,3.8
1674.0,4.0
1675.0,3.1
1676.0,3.1
1677.0,2.8
1678.0,3.8
1679.0,2.0
1680.0,3.8
1681.0,2.2
1682.0,3.9
1683.0,3.8
1684.0,3.7
1685.0,3.5
1686.0,3.2
1687.0,3.1
1688.0,3.5
1689.0,3.2
1690.0,3.0
1692.0,2.5
1693.0,3.7
1694.0,3.7
1695.0,3.7
1696.0,3.6
1699.0,3.5
1701.0,3.4
1702.0,2.6
1703.0,2.9
1704.0,4.2
1707.0,1.9
1709.0,2.0
1711.0,3.3
1713.0,3.0
1714.0,2.0
1715.0,3.0
1717.0,3.0
1718.0,2.6
1719.0,4.0
1720.0,1.3
1721.0,3.6
1722.0,3.4
1724.0,3.0
1725.0,3.7
1726.0,2.8
1727.0,3.2
1728.0,3.3
1729.0,3.7
1730.0,3.7
1731.0,1.9
1732.0,3.7
1733.0,3.1
1734.0,3.8
1735.0,3.2
1739.0,1.4
1741.0,4.0
1743.0,3.9
1744.0,2.7
1746.0,2.8
1747.0,3.5
1748.0,3.8
1749.0,3.4
1750.0,2.2
1752.0,2.7
1753.0,3.2
1754.0,3.4
1755.0,3.5
1756.0,2.5
1758.0,3.6
1759.0,4.0
1760.0,1.9
1762.0,2.7
1764.0,3.0
1767.0,3.0
1769.0,3.1
1770.0,3.5
1771.0,2.6
1772.0,2.4
1773.0,2.5
1777.0,3.5
1779.0,2.7
1780.0,4.1
1782.0,2.5
1783.0,2.9
1784.0,4.0
1785.0,3.4
1787.0,3.5
1788.0,4.0
1791.0,3.0
1792.0,3.2
1793.0,2.4
1794.0,3.4
1795.0,4.5
1796.0,2.4
1797.0,4.0
1798.0,2.6
1799.0,3.4
1801.0,3.0
1804.0,3.0
1805.0,3.4
1806.0,2.9
1807.0,3.4
1809.0,3.8
1810.0,3.6
1811.0,3.7
1812.0,3.5
1814.0,3.4
1815.0,2.0
1816.0,3.0
1817.0,3.0
1820.0,2.0
1821.0,3.2
1822.0,2.0
1824.0,3.4
1825.0,2.7
1826.0,1.6
1827.0,4.0
1829.0,3.0
1830.0,5.0
1831.0,2.6
1832.0,4.0
1833.0,3.0
1834.0,3.9
1835.0,3.3
1836.0,3.3
1837.0,2.7
1839.0,2.3
1840.0,3.4
1841.0,2.9
1842.0,4.0
1843.0,3.0
1844.0,3.9
1845.0,3.8
1846.0,3.2
1848.0,3.0
1849.0,2.6
1850.0,2.8
1851.0,4.0
1852.0,2.0
1853.0,2.0
1854.0,3.0
1855.0,2.4
1856.0,3.1
1857.0,3.1
1858.0,3.3
1859.0,3.5
1860.0,3.8
1861.0,3.3
1862.0,2.1
1863.0,2.2
1864.0,2.7
1865.0,3.6
1866.0,3.1
1867.0,2.4
1868.0,2.0
1869.0,2.3
1870.0,3.5
1871.0,4.0
1872.0,3.2
1873.0,3.8
1874.0,3.4
1875.0,3.4
1876.0,3.2
1877.0,2.5
1878.0,2.0
1879.0,3.9
1880.0,3.4
1881.0,2.8
1882.0,2.3
1883.0,3.4
1884.0,3.3
1885.0,3.7
1886.0,2.8
1887.0,2.5
1888.0,3.0
1889.0,3.9
1890.0,2.4
1891.0,1.9
1892.0,3.4
1893.0,3.8
1894.0,2.9
1895.0,3.2
1896.0,3.1
1897.0,3.5
1898.0,3.6
1899.0,3.2
1900.0,4.2
1901.0,4.0
1902.0,3.1
1903.0,3.3
1904.0,3.5
1905.0,1.5
1906.0,3.2
1907.0,3.7
1908.0,3.0
1909.0,3.5
1910.0,3.8
1911.0,2.9
1912.0,3.8
1913.0,3.8
1914.0,3.8
1915.0,4.0
1916.0,3.5
1917.0,3.2
1918.0,3.1
1919.0,3.2
1920.0,2.8
1921.0,3.8
1922.0,3.4
1923.0,3.9
1924.0,2.6
1925.0,3.9
1926.0,3.2
1927.0,4.2
1928.0,3.4
1929.0,3.8
1930.0,3.0
1931.0,4.0
1932.0,3.3
1933.0,3.4
1934.0,4.0
1935.0,4.0
1936.0,3.9
1937.0,3.7
1938.0,3.9
1939.0,4.1
1940.0,3.9
1941.0,3.8
1942.0,4.0
1943.0,3.3
1944.0,4.1
1945.0,4.3
1946.0,4.0
1947.0,4.1
1948.0,3.9
1949.0,4.2
1950.0,4.1
1951.0,3.7
1952.0,4.1
1953.0,4.1
1954.0,3.9
1955.0,3.8
1956.0,4.0
1957.0,3.8
1958.0,3.6
1959.0,3.7
1960.0,4.0
1961.0,4.1
1962.0,3.9
1963.0,4.1
1964.0,3.8
1965.0,3.7
1966.0,3.6
1967.0,3.6
1968.0,3.9
1969.0,2.3
1970.0,2.6
1971.0,2.2
1972.0,2.0
1973.0,2.2
1974.0,3.0
1975.0,2.4
1976.0,2.0
1977.0,2.2
1978.0,2.1
1979.0,2.2
1980.0,2.2
1981.0,1.8
1982.0,3.7
1983.0,2.8
1984.0,2.1
1985.0,2.4
1986.0,2.1
1987.0,2.3
1988.0,2.1
1989.0,1.5
1990.0,1.7
1991.0,2.7
1992.0,2.1
1993.0,1.9
1994.0,3.7
1995.0,2.4
1996.0,1.8
1997.0,4.0
1998.0,1.8
1999.0,2.7
2000.0,3.9
2001.0,3.5
2002.0,3.3
2003.0,3.3
2004.0,2.5
2005.0,3.5
2006.0,3.6
2007.0,2.7
2008.0,2.5
2009.0,3.5
2010.0,4.1
2011.0,3.3
2012.0,3.2
2013.0,3.5
2014.0,3.2
2015.0,3.5
2016.0,2.7
2017.0,3.0
2018.0,3.7
2019.0,4.6
2020.0,4.0
2021.0,3.4
2022.0,3.5
2023.0,3.3
2024.0,3.3
2025.0,3.3
2026.0,2.7
2027.0,2.4
2028.0,4.3
2029.0,3.7
2031.0,3.0
2032.0,2.9
2033.0,3.2
2034.0,2.8
2035.0,3.1
2036.0,2.2
2037.0,3.5
2038.0,2.9
2039.0,1.0
2040.0,2.9
2041.0,2.7
2042.0,2.6
2043.0,3.3
2044.0,2.5
2045.0,3.5
2046.0,3.5
2047.0,3.2
2048.0,3.5
2049.0,3.3
2050.0,2.5
2051.0,2.6
2052.0,2.9
2053.0,2.3
2054.0,2.9
2055.0,2.8
2056.0,3.5
2057.0,3.3
2058.0,3.6
2059.0,3.3
2060.0,3.0
2061.0,3.6
2062.0,3.2
2063.0,2.5
2064.0,4.1
2065.0,3.6
2066.0,4.2
2067.0,4.1
2068.0,3.9
2069.0,3.8
2070.0,3.9
2071.0,3.9
2072.0,2.9
2073.0,3.7
2074.0,3.5
2075.0,3.7
2076.0,3.8
2077.0,3.5
2078.0,3.8
2079.0,3.6
2080.0,3.8
2081.0,3.8
2082.0,2.9
2083.0,3.6
2084.0,3.1
2085.0,3.6
2086.0,3.6
2087.0,3.7
2088.0,2.6
2089.0,3.2
2090.0,3.5
2091.0,2.8
2092.0,2.4
2093.0,2.9
2094.0,3.1
2095.0,3.0
2096.0,3.7
2097.0,3.5
2098.0,3.1
2099.0,3.6
2100.0,3.4
2101.0,3.5
2102.0,3.4
2103.0,3.1
2104.0,3.3
2105.0,3.4
2106.0,3.3
2107.0,2.7
2108.0,3.7
2109.0,3.7
2110.0,3.3
2111.0,3.2
2112.0,3.5
2113.0,2.2
2114.0,3.7
2115.0,3.7
2116.0,3.3
2117.0,3.7
2118.0,3.7
2119.0,2.3
2120.0,2.9
2121.0,2.7
2122.0,2.4
2123.0,2.9
2124.0,3.2
2125.0,3.7
2126.0,2.7
2127.0,3.5
2128.0,3.3
2129.0,3.8
2130.0,3.8
2131.0,3.7
2132.0,4.1
2133.0,3.3
2134.0,3.4
2135.0,3.2
2136.0,3.1
2137.0,3.8
2138.0,3.8
2139.0,3.9
2140.0,3.7
2141.0,3.4
2142.0,2.8
2143.0,3.3
2144.0,3.7
2145.0,3.4
2146.0,3.1
2147.0,2.5
2148.0,2.9
2149.0,2.3
2150.0,3.7
2151.0,3.2
2152.0,2.1
2153.0,2.0
2154.0,2.8
2155.0,3.3
2156.0,3.8
2157.0,3.2
2158.0,2.6
2159.0,3.5
2160.0,3.8
2161.0,3.6
2162.0,2.4
2163.0,2.6
2164.0,2.0
2165.0,3.4
2166.0,3.5
2167.0,3.5
2168.0,3.1
2169.0,2.7
2170.0,2.6
2171.0,3.7
2172.0,3.2
2173.0,3.6
2174.0,3.6
2175.0,3.8
2176.0,3.9
2177.0,3.2
2178.0,3.7
2179.0,3.2
2180.0,3.3
2181.0,3.6
2182.0,3.6
2183.0,3.9
2184.0,3.6
2185.0,3.6
2186.0,4.3
2187.0,3.6
2188.0,2.8
2189.0,3.7
2190.0,2.8
2191.0,2.8
2192.0,3.3
2193.0,3.5
2194.0,4.0
2195.0,3.0
2196.0,2.4
2197.0,4.2
2198.0,4.0
2200.0,2.5
2201.0,3.4
2202.0,3.9
2203.0,4.3
2204.0,3.8
2205.0,3.5
2206.0,4.0
2207.0,2.9
2208.0,4.2
2209.0,3.3
2210.0,3.7
2211.0,3.5
2212.0,3.8
2213.0,1.0
2214.0,3.0
2215.0,3.5
2217.0,1.0
2218.0,2.0
2219.0,3.4
2221.0,3.1
2223.0,3.3
2226.0,3.0
2227.0,3.5
2231.0,3.6
2232.0,3.5
2233.0,1.6
2234.0,1.9
2235.0,2.0
2236.0,3.6
2237.0,3.6
2238.0,3.8
2239.0,3.7
2240.0,3.5
2241.0,2.8
2242.0,2.5
2243.0,3.7
2244.0,1.9
2245.0,3.4
2246.0,2.7
2247.0,3.1
2248.0,4.0
2249.0,3.2
2250.0,3.1
2251.0,3.5
2252.0,3.0
2253.0,2.6
2254.0,2.0
2255.0,2.6
2256.0,2.4
2257.0,2.9
2258.0,3.0
2259.0,2.7
2260.0,2.8
2261.0,3.3
2262.0,3.2
2263.0,3.1
2264.0,2.6
2265.0,2.0
2266.0,2.9
2267.0,2.9
2268.0,3.9
2269.0,2.7
2271.0,3.3
2272.0,3.5
2273.0,3.6
2275.0,3.4
2276.0,3.7
2277.0,2.0
2278.0,3.5
2279.0,2.7
2280.0,3.4
2281.0,3.5
2282.0,3.5
2283.0,2.9
2284.0,3.8
2285.0,3.9
2286.0,2.5
2287.0,3.4
2288.0,3.8
2289.0,4.0
2290.0,3.3
2291.0,3.6
2292.0,2.5
2293.0,3.2
2294.0,3.5
2295.0,3.8
2296.0,2.4
2297.0,3.1
2298.0,1.9
2299.0,3.8
2300.0,4.1
2301.0,3.6
2302.0,3.8
2303.0,3.9
2304.0,3.6
2305.0,3.5
2306.0,2.5
2307.0,2.6
2308.0,2.0
2309.0,4.5
2310.0,3.8
2311.0,3.4
2312.0,3.8
2313.0,4.0
2314.0,3.1
2315.0,2.4
2316.0,3.0
2317.0,2.6
2318.0,3.9
2320.0,3.1
2321.0,3.7
2322.0,2.9
2323.0,3.9
2324.0,4.3
2325.0,3.1
2326.0,3.0
2327.0,2.9
2328.0,2.8
2329.0,4.2
2330.0,4.2
2331.0,3.2
2332.0,3.2
2333.0,3.8
2334.0,3.1
2335.0,2.9
2336.0,4.0
2337.0,3.2
2338.0,2.2
2339.0,2.9
2340.0,3.3
2341.0,3.3
2342.0,3.7
2343.0,2.0
2344.0,3.4
2345.0,3.4
2346.0,3.3
2347.0,3.7
2348.0,3.6
2349.0,3.6
2350.0,2.8
2351.0,4.2
2352.0,3.9
2353.0,3.7
2354.0,2.8
2355.0,3.9
2356.0,2.9
2357.0,4.3
2358.0,4.0
2359.0,3.9
2360.0,4.3
2361.0,3.2
2362.0,2.8
2363.0,3.3
2364.0,2.8
2365.0,2.8
2366.0,3.7
2367.0,2.8
2368.0,1.7
2369.0,3.0
2370.0,3.5
2371.0,3.6
2372.0,3.0
2373.0,2.5
2374.0,2.9
2375.0,2.9
2376.0,3.3
2377.0,2.9
2378.0,3.0
2379.0,2.4
2380.0,2.0
2381.0,1.9
2382.0,1.8
2383.0,1.7
2384.0,3.3
2385.0,2.6
2386.0,2.0
2387.0,2.8
2388.0,3.5
2389.0,2.7
2390.0,3.7
2391.0,3.8
2392.0,2.2
2393.0,3.3
2394.0,3.6
2395.0,3.8
2396.0,4.1
2397.0,3.3
2398.0,4.0
2399.0,2.7
2400.0,2.9
2401.0,3.8
2402.0,2.8
2403.0,3.6
2404.0,2.3
2405.0,3.2
2406.0,3.7
2407.0,3.5
2408.0,2.5
2409.0,3.2
2410.0,2.9
2411.0,2.6
2412.0,2.1
2413.0,3.2
2414.0,3.4
2415.0,2.8
2416.0,3.1
2417.0,2.9
2418.0,3.1
2419.0,3.2
2420.0,3.4
2421.0,2.7
2422.0,2.1
2423.0,3.6
2424.0,3.4
2425.0,3.6
2426.0,3.0
2427.0,3.4
2428.0,2.8
2429.0,2.8
2430.0,3.1
2431.0,3.1
2432.0,3.1
2433.0,3.4
2434.0,3.6
2435.0,3.1
2436.0,3.6
2437.0,3.6
2438.0,4.0
2439.0,3.6
2440.0,3.4
2441.0,3.0
2442.0,3.8
2443.0,3.6
2444.0,4.0
2445.0,2.8
2446.0,2.5
2447.0,3.1
2448.0,2.3
2449.0,1.5
2450.0,2.1
2451.0,2.6
2452.0,1.7
2453.0,3.2
2454.0,3.4
2455.0,3.4
2456.0,2.3
2457.0,3.4
2458.0,2.5
2459.0,3.2
2460.0,2.4
2461.0,2.1
2462.0,1.8
2463.0,3.5
2464.0,2.6
2465.0,2.0
2466.0,3.5
2467.0,3.9
2468.0,2.8
2469.0,3.3
2470.0,3.4
2471.0,2.6
2472.0,3.0
2473.0,2.4
2474.0,3.5
2475.0,3.3
2476.0,3.3
2477.0,2.3
2478.0,3.1
2479.0,2.3
2480.0,4.5
2481.0,3.6
2482.0,3.3
2483.0,2.9
2484.0,2.0
2485.0,3.1
2486.0,1.8
2487.0,2.4
2488.0,3.9
2490.0,3.5
2491.0,2.7
2492.0,2.9
2493.0,4.1
2494.0,4.0
2495.0,3.6
2496.0,3.4
2497.0,2.8
2498.0,2.3
2499.0,3.5
2500.0,2.6
2501.0,4.1
2502.0,3.8
2503.0,4.7
2504.0,2.9
2505.0,2.9
2506.0,3.3
2507.0,3.0
2509.0,2.8
2510.0,3.7
2511.0,3.9
2512.0,3.9
2513.0,3.0
2514.0,2.1
2515.0,1.8
2516.0,1.8
2517.0,3.1
2518.0,3.5
2519.0,3.2
2520.0,3.1
2521.0,2.6
2522.0,2.4
2523.0,2.3
2524.0,3.0
2525.0,2.2
2526.0,2.4
2527.0,3.4
2528.0,3.5
2529.0,3.7
2530.0,2.9
2531.0,2.8
2532.0,2.8
2533.0,3.0
2534.0,2.5
2535.0,2.8
2536.0,1.9
2537.0,1.9
2538.0,3.6
2539.0,3.4
2540.0,3.0
2541.0,3.2
2542.0,3.9
2543.0,3.5
2544.0,2.8
2545.0,2.8
2546.0,2.9
2548.0,2.2
2549.0,2.2
2550.0,3.5
2551.0,3.3
2552.0,2.2
2553.0,3.4
2554.0,3.2
2555.0,1.7
2556.0,3.0
2557.0,3.4
2558.0,2.7
2559.0,2.6
2560.0,3.1
2561.0,3.0
2562.0,3.8
2563.0,3.0
2565.0,4.0
2566.0,2.4
2567.0,3.2
2568.0,2.1
2569.0,3.8
2570.0,3.6
2571.0,4.3
2572.0,3.4
2573.0,3.4
2574.0,2.7
2575.0,4.0
2576.0,2.0
2577.0,3.3
2578.0,3.5
2579.0,3.8
2580.0,3.9
2581.0,3.2
2582.0,3.1
2583.0,3.6
2584.0,3.0
2585.0,3.9
2586.0,3.0
2587.0,3.0
2589.0,2.7
2590.0,3.0
2591.0,2.0
2592.0,3.0
2593.0,3.7
2594.0,4.0
2596.0,3.6
2597.0,2.6
2598.0,3.0
2599.0,3.9
2600.0,3.3
2602.0,2.8
2605.0,3.2
2606.0,2.7
2607.0,4.1
2608.0,2.6
2609.0,4.2
2610.0,3.9
2611.0,3.9
2612.0,4.1
2613.0,3.1
2614.0,1.9
2615.0,3.0
2616.0,2.7
2617.0,3.3
2618.0,3.9
2619.0,3.0
2620.0,3.7
2621.0,3.7
2622.0,3.3
2623.0,2.8
2624.0,4.1
2625.0,3.1
2626.0,3.6
2627.0,3.4
2628.0,3.4
2629.0,2.8
2630.0,3.5
2631.0,2.0
2632.0,3.3
2633.0,3.5
2634.0,3.2
2635.0,3.0
2636.0,2.5
2637.0,2.7
2638.0,2.8
2639.0,3.2
2640.0,3.5
2641.0,3.2
2642.0,2.3
2643.0,1.9
2644.0,3.8
2645.0,3.3
2646.0,2.9
2647.0,3.2
2648.0,4.0
2649.0,3.3
2650.0,2.8
2651.0,3.1
2652.0,2.9
2653.0,2.8
2654.0,3.8
2655.0,1.8
2656.0,2.8
2657.0,3.3
2658.0,3.1
2659.0,3.2
2660.0,3.9
2661.0,3.4
2662.0,3.9
2663.0,3.1
2664.0,3.9
2665.0,3.4
2666.0,3.2
2667.0,2.6
2668.0,2.5
2669.0,3.7
2670.0,4.0
2671.0,3.7
2672.0,3.2
2673.0,3.9
2674.0,2.7
2675.0,3.4
2676.0,3.1
2677.0,4.1
2678.0,3.1
2679.0,2.6
2681.0,3.6
2682.0,4.1
2683.0,3.4
2685.0,3.0
2686.0,4.0
2687.0,3.7
2688.0,3.1
2689.0,3.4
2690.0,3.7
2691.0,3.0
2692.0,4.2
2693.0,3.9
2694.0,3.1
2695.0,2.2
2696.0,3.7
2697.0,3.7
2699.0,3.0
2700.0,3.8
2701.0,2.2
2702.0,3.1
2703.0,3.0
2704.0,3.1
2705.0,2.7
2706.0,3.7
2707.0,3.5
2708.0,3.8
2709.0,3.2
2710.0,3.0
2711.0,3.6
2712.0,3.2
2713.0,2.5
2714.0,3.3
2715.0,2.2
2716.0,3.9
2717.0,2.9
2718.0,3.1
2719.0,2.4
2720.0,2.2
2721.0,3.8
2722.0,2.9
2723.0,3.0
2724.0,3.1
2725.0,3.7
2726.0,4.2
2727.0,3.5
2728.0,4.0
2729.0,3.9
2730.0,3.6
2731.0,4.3
2732.0,4.0
2733.0,2.4
2734.0,3.4
2735.0,2.9
2736.0,3.4
2737.0,2.9
2738.0,3.5
2739.0,3.9
2740.0,2.6
2741.0,3.0
2742.0,2.0
2743.0,3.4
2744.0,3.7
2745.0,3.9
2746.0,3.3
2747.0,3.3
2748.0,2.1
2749.0,3.2
2750.0,3.7
2751.0,2.8
2752.0,3.0
2753.0,3.5
2754.0,1.8
2755.0,2.7
2756.0,3.2
2757.0,3.8
2758.0,2.8
2759.0,3.4
2760.0,3.4
2761.0,4.0
2762.0,4.4
2763.0,3.6
2764.0,3.6
2765.0,2.7
2766.0,3.5
2767.0,3.1
2768.0,3.2
2769.0,3.2
2770.0,3.3
2771.0,2.9
2772.0,3.0
2773.0,2.9
2774.0,3.5
2775.0,3.3
2776.0,3.8
2777.0,2.0
2778.0,2.6
2779.0,3.6
2780.0,3.2
2781.0,3.2
2782.0,3.5
2783.0,2.6
2784.0,3.2
2785.0,3.0
2786.0,2.4
2787.0,2.9
2788.0,4.1
2789.0,3.0
2790.0,2.7
2791.0,4.0
2792.0,3.0
2793.0,2.8
2794.0,2.9
2795.0,3.8
2796.0,3.0
2797.0,3.9
2798.0,1.9
2799.0,1.6
2800.0,3.0
2801.0,3.5
2802.0,3.1
2803.0,3.3
2804.0,4.2
2805.0,2.9
2806.0,2.6
2807.0,1.8
2808.0,2.5
2809.0,2.5
2810.0,3.9
2811.0,4.0
2812.0,3.2
2813.0,3.7
2814.0,2.6
2815.0,2.6
2816.0,1.9
2817.0,1.6
2818.0,1.6
2819.0,4.0
2820.0,3.6
2821.0,2.7
2822.0,3.0
2823.0,2.5
2824.0,3.9
2825.0,2.8
2826.0,3.2
2827.0,2.4
2828.0,2.1
2829.0,3.0
2830.0,3.5
2831.0,3.2
2833.0,3.7
2834.0,3.6
2835.0,2.5
2836.0,3.3
2837.0,3.4
2839.0,4.3
2840.0,2.9
2841.0,3.6
2842.0,3.5
2843.0,3.9
2844.0,3.2
2845.0,1.0
2846.0,3.4
2847.0,3.9
2848.0,4.0
2849.0,2.8
2850.0,2.7
2851.0,2.4
2852.0,3.7
2853.0,2.9
2854.0,2.4
2855.0,2.3
2856.0,2.8
2857.0,3.7
2858.0,4.3
2859.0,4.2
2860.0,3.3
2861.0,3.2
2862.0,2.6
2863.0,3.9
2864.0,2.8
2865.0,3.0
2866.0,3.7
2867.0,3.4
2868.0,2.3
2869.0,2.7
2870.0,3.6
2871.0,3.9
2872.0,3.8
2873.0,2.7
2874.0,3.5
2875.0,3.3
2876.0,2.7
2877.0,3.0
2878.0,2.3
2879.0,3.5
2880.0,3.5
2881.0,3.2
2882.0,2.8
2883.0,3.5
2884.0,2.6
2885.0,3.4
2886.0,2.2
2887.0,2.2
2888.0,2.8
2889.0,3.4
2890.0,3.8
2891.0,3.5
2892.0,2.5
2893.0,2.9
2894.0,2.6
2895.0,3.0
2896.0,3.3
2897.0,3.2
2898.0,2.7
2899.0,3.5
2900.0,2.7
2901.0,3.2
2902.0,2.4
2903.0,2.1
2904.0,3.8
2905.0,4.6
2906.0,2.3
2907.0,2.4
2908.0,4.0
2909.0,4.0
2911.0,3.3
2912.0,3.7
2913.0,3.3
2914.0,2.2
2915.0,3.6
2916.0,3.7
2917.0,4.0
2918.0,4.1
2919.0,3.9
2920.0,4.2
2921.0,3.9
2922.0,3.7
2923.0,3.4
2924.0,3.9
2925.0,4.2
2926.0,3.4
2927.0,4.1
2928.0,3.3
2929.0,3.5
2930.0,4.4
2931.0,4.3
2932.0,4.0
2933.0,3.4
2934.0,2.4
2935.0,4.2
2936.0,4.1
2937.0,4.3
2938.0,3.7
2939.0,3.5
2940.0,4.0
2941.0,3.6
2942.0,3.1
2943.0,3.8
2944.0,4.0
2945.0,2.7
2946.0,3.8
2947.0,4.0
2948.0,3.9
2949.0,3.9
2950.0,2.3
2951.0,4.0
2952.0,3.7
2953.0,2.4
2955.0,2.0
2956.0,3.1
2959.0,4.1
2960.0,2.8
2961.0,2.8
2962.0,3.4
2963.0,3.7
2964.0,3.3
2965.0,2.0
2966.0,4.1
2967.0,3.7
2968.0,3.7
2969.0,3.9
2970.0,4.0
2971.0,3.8
2972.0,4.0
2973.0,4.0
2974.0,1.8
2975.0,3.0
2976.0,3.1
2977.0,2.9
2978.0,2.8
2979.0,2.2
2981.0,3.7
2982.0,2.1
2983.0,4.0
2984.0,3.4
2985.0,3.5
2986.0,2.4
2987.0,3.7
2988.0,3.6
2989.0,3.5
2990.0,3.2
2991.0,3.6
2992.0,2.5
2993.0,3.7
2994.0,3.5
2995.0,2.3
2996.0,3.4
2997.0,4.1
2998.0,3.5
2999.0,4.0
3000.0,4.1
3001.0,1.7
3002.0,3.9
3003.0,3.2
3004.0,2.5
3005.0,3.4
3006.0,4.1
3007.0,4.0
3008.0,3.7
3010.0,3.6
3011.0,3.6
3012.0,3.4
3013.0,2.9
3014.0,2.9
3015.0,3.4
3016.0,3.2
3017.0,2.5
3018.0,3.5
3019.0,3.9
3020.0,3.5
3021.0,2.9
3022.0,4.4
3024.0,2.3
3025.0,3.3
3026.0,1.5
3027.0,1.1
3028.0,3.8
3029.0,3.3
3030.0,4.4
3031.0,2.2
3032.0,3.5
3033.0,3.3
3034.0,3.7
3035.0,4.1
3036.0,3.2
3037.0,4.0
3038.0,4.2
3039.0,3.8
3040.0,3.3
3041.0,1.7
3042.0,1.6
3043.0,1.7
3044.0,3.9
3045.0,3.1
3046.0,3.5
3047.0,3.6
3048.0,2.4
3049.0,3.2
3050.0,3.1
3051.0,3.0
3052.0,3.7
3053.0,3.0
3054.0,2.0
3055.0,3.4
3056.0,3.7
3057.0,4.0
3058.0,2.2
3060.0,3.8
3061.0,3.9
3062.0,4.0
3063.0,2.7
3064.0,2.5
3065.0,4.0
3066.0,3.7
3067.0,3.9
3068.0,3.9
3069.0,3.8
3070.0,3.4
3071.0,3.8
3072.0,3.8
3073.0,3.2
3074.0,3.8
3075.0,4.0
3076.0,3.7
3077.0,4.2
3078.0,3.7
3079.0,3.9
3081.0,3.5
3082.0,3.4
3083.0,4.1
3084.0,3.5
3085.0,2.5
3086.0,3.6
3087.0,3.5
3088.0,4.1
3089.0,4.4
3090.0,4.1
3091.0,4.3
3092.0,4.0
3093.0,3.7
3094.0,3.9
3095.0,4.1
3096.0,4.0
3097.0,4.0
3098.0,3.8
3099.0,3.2
3100.0,3.8
3101.0,3.7
3102.0,3.6
3103.0,3.1
3104.0,3.9
3105.0,3.8
3106.0,3.2
3107.0,3.4
3108.0,3.6
3109.0,3.2
3110.0,3.4
3111.0,3.7
3112.0,3.4
3113.0,2.6
3114.0,4.2
3115.0,3.2
3116.0,2.7
3117.0,3.3
3118.0,3.5
3119.0,1.7
3120.0,3.0
3121.0,3.6
3122.0,3.4
3123.0,1.0
3124.0,3.3
3125.0,3.5
3126.0,4.0
3127.0,3.2
3128.0,3.5
3129.0,3.7
3130.0,2.4
3131.0,3.5
3132.0,3.6
3133.0,3.7
3134.0,4.3
3135.0,3.9
3136.0,3.0
3137.0,3.8
3138.0,3.2
3139.0,3.2
3140.0,3.4
3141.0,3.0
3142.0,3.4
3143.0,3.7
3144.0,3.3
3145.0,3.4
3146.0,2.8
3147.0,4.2
3148.0,4.0
3149.0,2.4
3150.0,3.7
3151.0,2.0
3152.0,4.0
3153.0,3.6
3154.0,3.5
3155.0,3.4
3156.0,2.9
3157.0,3.1
3158.0,3.6
3159.0,3.8
3160.0,3.9
3161.0,3.5
3162.0,2.5
3163.0,3.7
3164.0,4.0
3165.0,2.6
3166.0,1.2
3167.0,3.6
3168.0,3.8
3169.0,3.5
3171.0,3.9
3172.0,5.0
3173.0,3.1
3174.0,3.5
3175.0,3.8
3176.0,3.5
3177.0,2.6
3178.0,3.8
3179.0,3.4
3180.0,2.2
3181.0,3.7
3182.0,4.0
3183.0,3.6
3184.0,3.0
3185.0,3.4
3186.0,3.5
3187.0,3.0
3188.0,3.7
3189.0,3.6
3190.0,2.1
3192.0,4.1
3194.0,3.3
3196.0,4.2
3197.0,3.3
3198.0,4.1
3199.0,3.3
3200.0,3.8
3201.0,4.0
3202.0,1.0
3203.0,3.7
3204.0,3.7
3205.0,2.2
3206.0,3.2
3207.0,3.2
3208.0,2.8
3209.0,1.0
3210.0,3.8
3211.0,3.5
3212.0,2.5
3213.0,3.6
3214.0,3.3
3215.0,3.2
3216.0,3.3
3217.0,3.4
3218.0,3.2
3219.0,3.3
3220.0,2.0
3221.0,3.4
3222.0,4.2
3223.0,3.4
3224.0,4.1
3225.0,2.7
3228.0,1.0
3229.0,4.0
3230.0,3.7
3232.0,4.0
3233.0,5.0
3235.0,3.0
3236.0,3.5
3237.0,1.0
3238.0,2.1
3239.0,2.4
3240.0,3.3
3241.0,3.7
3242.0,3.7
3243.0,2.5
3244.0,3.7
3245.0,4.8
3246.0,3.9
3247.0,3.2
3248.0,2.5
3249.0,3.1
3250.0,3.4
3251.0,3.4
3252.0,3.7
3253.0,3.6
3254.0,2.9
3255.0,3.7
3256.0,3.8
3257.0,2.9
3258.0,2.8
3259.0,3.4
3260.0,3.7
3261.0,3.5
3262.0,3.0
3263.0,3.2
3264.0,3.1
3265.0,4.1
3266.0,3.7
3267.0,3.7
3268.0,1.8
3269.0,3.2
3270.0,3.3
3271.0,3.8
3272.0,3.2
3273.0,2.7
3274.0,3.1
3275.0,3.6
3276.0,2.7
3277.0,4.0
3280.0,5.0
3281.0,4.0
3282.0,3.7
3283.0,3.5
3284.0,3.7
3285.0,2.7
3286.0,2.2
3287.0,2.7
3288.0,3.0
3289.0,3.8
3290.0,3.0
3291.0,2.0
3292.0,3.8
3293.0,3.4
3294.0,2.5
3295.0,3.5
3296.0,3.8
3297.0,2.0
3298.0,3.5
3299.0,2.3
3300.0,3.3
3301.0,3.4
3302.0,3.3
3303.0,3.5
3304.0,3.6
3305.0,4.0
3306.0,4.0
3307.0,4.4
3308.0,3.2
3309.0,3.7
3310.0,3.8
3311.0,3.8
3312.0,1.0
3313.0,2.2
3314.0,3.2
3315.0,2.0
3316.0,2.8
3317.0,3.9
3318.0,3.5
3319.0,3.1
3320.0,3.5
3321.0,2.0
3322.0,2.8
3323.0,3.0
3324.0,2.8
3325.0,2.3
3326.0,2.9
3327.0,3.5
3328.0,3.8
3329.0,3.8
3330.0,3.8
3331.0,2.3
3333.0,3.5
3334.0,4.1
3335.0,2.7
3336.0,3.0
3337.0,3.5
3338.0,4.4
3339.0,3.7
3340.0,2.8
3341.0,4.0
3342.0,3.9
3343.0,2.4
3344.0,2.6
3345.0,3.1
3346.0,2.8
3347.0,4.0
3349.0,3.4
3350.0,4.0
3351.0,3.3
3352.0,2.7
3353.0,4.0
3354.0,2.6
3355.0,2.9
3357.0,3.8
3358.0,3.7
3359.0,4.1
3360.0,3.9
3361.0,3.8
3362.0,4.0
3363.0,4.0
3364.0,3.9
3365.0,4.1
3366.0,3.8
3367.0,3.4
3368.0,3.7
3370.0,3.4
3371.0,3.7
3372.0,3.6
3373.0,2.7
3374.0,2.6
3375.0,3.3
3376.0,1.0
3377.0,3.5
3378.0,3.2
3379.0,3.9
3380.0,3.0
3381.0,3.5
3382.0,5.0
3384.0,3.8
3385.0,2.6
3386.0,3.8
3387.0,2.7
3388.0,2.7
3389.0,2.7
3390.0,1.7
3391.0,2.3
3392.0,1.9
3393.0,2.1
3394.0,2.7
3395.0,2.8
3396.0,3.9
3397.0,3.7
3398.0,3.5
3399.0,3.1
3400.0,2.5
3401.0,2.1
3402.0,3.3
3403.0,2.8
3404.0,3.5
3405.0,3.9
3406.0,3.8
3407.0,1.7
3408.0,3.9
3409.0,3.3
3410.0,4.3
3412.0,3.4
3413.0,3.5
3414.0,3.3
3415.0,3.8
3416.0,3.9
3417.0,3.6
3418.0,3.7
3419.0,3.2
3420.0,3.7
3421.0,4.1
3422.0,3.4
3423.0,2.9
3424.0,3.9
3425.0,3.3
3426.0,3.2
3427.0,3.3
3428.0,2.9
3429.0,4.3
3430.0,3.3
3431.0,2.7
3432.0,2.3
3433.0,2.1
3434.0,2.3
3435.0,4.4
3436.0,2.8
3437.0,2.0
3438.0,2.7
3439.0,2.1
3440.0,1.9
3441.0,3.3
3442.0,2.3
3443.0,3.8
3444.0,3.2
3445.0,3.2
3446.0,3.4
3447.0,3.7
3448.0,3.7
3449.0,3.0
3450.0,3.4
3451.0,3.9
3452.0,3.1
3453.0,2.5
3454.0,2.7
3456.0,3.9
3457.0,3.0
3458.0,3.0
3459.0,2.8
3460.0,1.0
3461.0,3.7
3462.0,4.2
3463.0,1.8
3464.0,2.5
3465.0,2.8
3466.0,3.5
3467.0,4.0
3468.0,4.2
3469.0,4.3
3470.0,4.3
3471.0,4.0
3472.0,1.8
3473.0,3.4
3474.0,3.2
3475.0,4.0
3476.0,3.6
3477.0,3.0
3478.0,3.3
3479.0,3.7
3480.0,3.6
3481.0,3.9
3482.0,3.0
3483.0,3.0
3484.0,2.7
3485.0,1.5
3486.0,3.1
3487.0,3.7
3488.0,2.0
3489.0,3.0
3490.0,2.6
3491.0,2.9
3492.0,3.6
3493.0,1.0
3494.0,3.7
3495.0,3.8
3496.0,3.2
3497.0,3.1
3498.0,4.0
3499.0,3.8
3500.0,2.7
3501.0,3.5
3502.0,3.5
3503.0,3.5
3504.0,4.0
3505.0,3.9
3506.0,3.4
3507.0,4.0
3508.0,4.0
3509.0,2.8
3510.0,3.8
3511.0,2.6
3512.0,3.7
3513.0,3.3
3514.0,3.2
3515.0,3.2
3516.0,3.8
3517.0,4.5
3518.0,2.9
3519.0,3.3
3520.0,2.6
3521.0,3.9
3522.0,4.0
3523.0,3.1
3524.0,3.4
3525.0,3.1
3526.0,3.8
3527.0,3.7
3528.0,3.2
3529.0,3.5
3530.0,4.0
3531.0,3.0
3532.0,3.8
3533.0,3.3
3534.0,3.1
3535.0,3.2
3536.0,3.7
3537.0,3.3
3538.0,3.7
3539.0,3.8
3540.0,2.8
3542.0,3.0
3543.0,3.9
3544.0,2.9
3545.0,3.9
3546.0,3.7
3547.0,3.8
3548.0,3.8
3549.0,3.8
3550.0,3.4
3551.0,3.9
3552.0,3.8
3553.0,2.8
3554.0,3.5
3555.0,3.5
3556.0,3.6
3557.0,2.9
3559.0,3.7
3562.0,3.0
3563.0,1.9
3564.0,1.8
3565.0,3.3
3566.0,3.4
3567.0,3.4
3568.0,3.3
3569.0,3.4
3570.0,3.9
3571.0,3.4
3572.0,1.7
3573.0,1.5
3574.0,1.1
3575.0,3.3
3576.0,3.7
3577.0,2.6
3578.0,4.1
3579.0,2.5
3580.0,3.1
3581.0,2.8
3584.0,2.8
3585.0,3.8
3586.0,3.4
3587.0,3.0
3588.0,3.3
3590.0,2.9
3591.0,3.4
3592.0,2.5
3593.0,1.6
3594.0,3.3
3595.0,3.0
3596.0,2.5
3597.0,2.7
3598.0,3.5
3599.0,3.6
3600.0,2.8
3601.0,4.0
3602.0,3.0
3603.0,3.3
3604.0,3.7
3605.0,3.1
3606.0,3.9
3607.0,5.0
3608.0,3.4
3609.0,4.0
3610.0,2.5
3611.0,3.1
3612.0,3.6
3613.0,3.8
3614.0,3.2
3615.0,3.2
3616.0,2.5
3617.0,3.3
3618.0,3.4
3619.0,3.3
3620.0,3.0
3621.0,1.7
3622.0,3.8
3623.0,3.2
3624.0,3.7
3625.0,3.8
3626.0,2.5
3627.0,3.5
3628.0,3.4
3629.0,4.2
3631.0,2.7
3632.0,3.6
3633.0,3.5
3634.0,4.3
3635.0,3.6
3636.0,2.8
3637.0,4.0
3638.0,3.2
3639.0,3.6
3640.0,3.4
3641.0,2.8
3642.0,3.1
3643.0,3.4
3644.0,3.4
3645.0,3.6
3646.0,2.4
3647.0,4.0
3648.0,2.7
3649.0,3.2
3651.0,1.0
3652.0,3.0
3653.0,3.8
3654.0,4.0
3655.0,3.8
3656.0,5.0
3657.0,3.7
3658.0,3.7
3659.0,3.2
3660.0,2.9
3661.0,2.2
3662.0,2.1
3663.0,1.9
3664.0,1.7
3665.0,1.7
3666.0,1.7
3667.0,1.9
3668.0,3.9
3669.0,2.4
3670.0,3.7
3671.0,4.0
3672.0,3.0
3673.0,2.3
3674.0,2.6
3675.0,3.8
3676.0,3.5
3677.0,3.9
3678.0,3.8
3679.0,4.3
3680.0,3.9
3681.0,3.9
3682.0,3.7
3683.0,4.2
3684.0,3.4
3685.0,3.6
3686.0,3.3
3687.0,2.0
3688.0,2.7
3689.0,2.0
3690.0,2.0
3691.0,2.6
3692.0,2.3
3693.0,2.7
3694.0,1.9
3695.0,1.8
3696.0,2.6
3697.0,2.9
3698.0,3.2
3699.0,3.5
3700.0,3.6
3701.0,3.2
3702.0,3.7
3703.0,3.7
3704.0,3.2
3705.0,2.6
3706.0,3.4
3707.0,3.1
3708.0,3.0
3709.0,2.4
3710.0,2.3
3711.0,3.2
3712.0,3.2
3713.0,3.7
3714.0,3.1
3715.0,2.5
3716.0,2.4
3717.0,3.0
3718.0,3.3
3719.0,3.0
3720.0,3.7
3721.0,2.6
3722.0,2.0
3723.0,3.7
3724.0,3.7
3725.0,3.1
3726.0,3.6
3727.0,3.7
3728.0,4.0
3729.0,3.4
3730.0,4.2
3731.0,3.4
3732.0,3.0
3733.0,3.8
3734.0,3.5
3735.0,4.0
3736.0,3.8
3737.0,4.0
3738.0,3.5
3739.0,4.0
3740.0,3.4
3741.0,4.1
3742.0,4.0
3743.0,2.6
3744.0,3.2
3745.0,3.4
3746.0,3.9
3747.0,3.8
3748.0,3.0
3749.0,3.1
3751.0,3.9
3752.0,3.0
3753.0,3.7
3754.0,2.5
3755.0,3.4
3756.0,3.5
3757.0,2.8
3758.0,2.8
3759.0,3.3
3760.0,3.5
3761.0,3.0
3762.0,1.3
3763.0,3.6
3764.0,2.6
3765.0,2.8
3766.0,2.5
3767.0,2.1
3768.0,2.2
3769.0,3.4
3770.0,3.5
3771.0,3.4
3772.0,1.7
3773.0,2.8
3774.0,2.0
3775.0,3.2
3776.0,3.3
3777.0,2.2
3778.0,2.8
3779.0,3.0
3780.0,3.1
3781.0,2.6
3782.0,2.7
3783.0,4.0
3784.0,3.2
3785.0,3.0
3786.0,3.2
3787.0,3.9
3788.0,3.8
3789.0,4.2
3790.0,3.4
3791.0,3.1
3792.0,3.6
3793.0,3.8
3794.0,3.3
3795.0,3.4
3796.0,3.4
3797.0,2.2
3798.0,3.3
3799.0,1.6
3800.0,2.3
3801.0,4.2
3802.0,2.4
3803.0,3.6
3804.0,2.5
3805.0,2.8
3806.0,3.3
3807.0,3.3
3808.0,4.0
3809.0,3.4
3810.0,3.1
3811.0,4.1
3812.0,3.6
3813.0,3.3
3814.0,4.0
3816.0,3.8
3817.0,3.2
3818.0,2.4
3819.0,4.0
3820.0,1.8
3821.0,2.6
3822.0,3.8
3823.0,3.6
3824.0,2.1
3825.0,2.8
3826.0,2.5
3827.0,3.4
3828.0,2.5
3830.0,2.9
3831.0,3.7
3832.0,3.3
3833.0,2.5
3834.0,2.8
3835.0,2.7
3836.0,3.9
3837.0,2.9
3838.0,2.6
3839.0,2.6
3840.0,2.5
3841.0,2.8
3842.0,3.0
3843.0,2.6
3844.0,3.6
3845.0,3.4
3846.0,3.1
3847.0,3.0
3848.0,3.1
3849.0,4.0
3850.0,2.9
3851.0,4.0
3852.0,3.7
3853.0,3.5
3854.0,3.6
3855.0,3.7
3857.0,2.7
3858.0,3.2
3859.0,3.9
3860.0,3.2
3861.0,3.1
3862.0,3.1
3863.0,3.3
3864.0,2.7
3865.0,3.2
3866.0,3.2
3867.0,3.3
3868.0,3.7
3869.0,3.1
3870.0,3.9
3871.0,3.8
3872.0,3.8
3873.0,3.7
3874.0,3.0
3875.0,2.8
3876.0,2.0
3877.0,2.0
3878.0,2.8
3879.0,2.8
3880.0,3.5
3881.0,5.0
3882.0,3.3
3883.0,2.7
3884.0,2.4
3885.0,3.1
3886.0,3.0
3887.0,3.0
3888.0,4.5
3889.0,2.4
3890.0,3.0
3891.0,1.7
3892.0,2.7
3893.0,3.5
3894.0,3.2
3895.0,2.3
3896.0,3.3
3897.0,4.2
3898.0,2.7
3899.0,1.7
3900.0,2.8
3901.0,2.7
3902.0,3.1
3903.0,3.5
3904.0,1.0
3905.0,3.9
3906.0,3.2
3908.0,2.2
3909.0,2.7
3910.0,3.8
3911.0,4.1
3912.0,2.3
3913.0,2.9
3914.0,3.3
3915.0,3.5
3916.0,3.9
3917.0,3.1
3918.0,2.8
3919.0,2.2
3920.0,3.7
3921.0,2.6
3922.0,2.6
3923.0,2.6
3924.0,2.9
3925.0,3.9
3926.0,3.4
3927.0,3.6
3928.0,3.4
3929.0,4.0
3930.0,3.3
3931.0,2.0
3932.0,3.8
3933.0,2.2
3934.0,3.0
3935.0,3.0
3936.0,3.7
3937.0,2.9
3938.0,1.9
3939.0,2.0
3940.0,1.7
3941.0,2.0
3942.0,1.8
3943.0,3.1
3944.0,2.1
3945.0,1.5
3946.0,2.3
3947.0,3.5
3948.0,3.6
3949.0,4.1
3950.0,3.7
3951.0,3.9
3952.0,3.8
